<?xml version="1.0" encoding="GB2312" ?>
<!DOCTYPE log4j:configuration SYSTEM "log4j.dtd">
<log4j:configuration xmlns:log4j="http://jakarta.apache.org/log4j/">
<appender name="default" class="org.apache.log4j.RollingFileAppender">
   <param name="File" value="logs/stockdumper.log" />
   <param name="Append" value="true" />
   <param name="MaxFileSize" value="10485760" /> 
   <param name="MaxBackupIndex" value="10" /> 
   <layout class="org.apache.log4j.PatternLayout">
       <param name="ConversionPattern" value="%p (%c:%L)- %m%n" />
   </layout>
</appender>
<logger name="com.boroborome">
   <level value="debug" />
   <appender-ref ref="default" />
</logger>
<root> 
   <appender-ref ref="default" />
</root>
</log4j:configuration>
